epoch,binary_accuracy,loss,lr,val_binary_accuracy,val_loss
0,0.9583575742464538,0.11758698292657839,0.001,0.9639073581560283,0.09796670426396613
