epoch,binary_accuracy,loss,lr,val_binary_accuracy,val_loss
0,0.9602767619680851,0.11030514424812075,0.001,0.964203789893617,0.09521912761719514
1,0.9658161569148936,0.09048734922754638,0.001,0.9664588874113476,0.09057491980228864
2,0.9677228778812057,0.08423937882646812,0.001,0.9664893617021276,0.08984863423075236
3,0.969592891179078,0.07869329602847286,0.001,0.9661402925531914,0.08979721116364425
